-0.6429336562419952,-0.776049481000643,-0.9018503805543081,-1.1067344345616263,-1.0553359683794465,-1.0655105973025047,-1.0986066452304395,-1.065500080269706,-1.1741829468687237,-1.1396877567789647,-1.1752696456086287,-1.1546811397557666,-1.1101156290680756,-1.175118757221723,-1.004137887131171,0.020807933024465708,-2.197299926968298,-5.5758428085384395,0.433743515810024,-1.0282473284573599,-0.4868800125274261,-1.1844922001209541,1
-0.6080036327224461,-0.8127927983098073,-0.45278478243347486,-1.1067344345616263,-1.0553359683794465,-1.0655105973025047,-1.0986066452304395,-1.065500080269706,-1.1741829468687237,-1.1396877567789647,-1.1752696456086287,-1.1546811397557666,-1.1101156290680756,-1.175118757221723,-1.004137887131171,-0.14175404372917166,-2.197299926968298,-5.5758428085384395,0.433743515810024,-1.0282473284573599,-0.4868800125274261,-1.1844922001209541,1
-0.6778636797615444,-0.8821968421160068,-0.47581378746531255,-1.1067344345616263,-1.0553359683794465,-1.0655105973025047,-1.0986066452304395,-1.065500080269706,-1.1741829468687237,-1.1396877567789647,-1.1752696456086287,-1.1546811397557666,-1.1101156290680756,-1.175118757221723,-1.004137887131171,-0.06047305535235292,-2.197299926968298,-5.5758428085384395,0.433743515810024,-1.0282473284573599,-0.4868800125274261,-1.1844922001209541,1
-0.6778636797615444,-0.8577012972432305,-0.47581378746531255,-1.1067344345616263,-1.0553359683794465,-1.0655105973025047,-1.0986066452304395,-1.065500080269706,-1.1741829468687237,-1.1396877567789647,-1.1752696456086287,-1.1546811397557666,-1.1101156290680756,-1.175118757221723,-1.004137887131171,-0.06047305535235292,-2.197299926968298,-5.5758428085384395,0.433743515810024,-1.0282473284573599,-0.4868800125274261,-1.1844922001209541,1
-0.6778636797615444,-0.8413709339947131,-0.48732828998123134,-1.1067344345616263,-1.0553359683794465,-1.0655105973025047,-1.0986066452304395,-1.065500080269706,-1.1741829468687237,-1.1396877567789647,-1.1752696456086287,-1.1546811397557666,-1.1101156290680756,-1.175118757221723,-1.004137887131171,-0.14175404372917166,-2.197299926968298,-5.5758428085384395,0.7953448528671281,-1.0282473284573599,-0.4868800125274261,-1.1844922001209541,1
-0.6312903150688122,-0.8821968421160068,-0.45278478243347486,-1.1067344345616263,-1.0553359683794465,-1.0655105973025047,-1.0986066452304395,-1.065500080269706,-1.1741829468687237,-1.1396877567789647,-1.1752696456086287,-1.1546811397557666,-1.1101156290680756,-1.175118757221723,-1.004137887131171,0.020807933024465708,-2.197299926968298,-5.5758428085384395,0.433743515810024,-1.0282473284573599,-0.4868800125274261,-1.1844922001209541,1
-0.6312903150688122,-0.8577012972432305,-0.4412702799175561,-1.1067344345616263,-1.0553359683794465,-1.0655105973025047,-1.0986066452304395,-1.065500080269706,-1.1741829468687237,-1.1396877567789647,-1.1752696456086287,-1.1546811397557666,-1.1101156290680756,-1.175118757221723,-1.004137887131171,0.2646508981549218,-2.197299926968298,-5.5758428085384395,0.07214217875292017,-1.0282473284573599,-1.3766119718773522,-1.1844922001209541,1
-0.7826537503201919,-0.9556834767343356,-0.5564153050767442,-1.1067344345616263,-1.0553359683794465,-1.0655105973025047,-1.0986066452304395,-1.065500080269706,-1.1741829468687237,-1.1396877567789647,-1.1752696456086287,-1.1546811397557666,-1.1101156290680756,-1.175118757221723,-1.004137887131171,0.4272128749085591,-2.197299926968298,-5.5758428085384395,-0.2894591583041837,-1.0282473284573599,-0.4868800125274261,-1.1844922001209541,1
-0.9223738443983885,-0.8781142513038774,-0.7061038377836886,-1.1067344345616263,-1.0553359683794465,-1.0655105973025047,-1.0986066452304395,-1.065500080269706,-1.1741829468687237,-1.1396877567789647,-1.1752696456086287,-1.1546811397557666,-1.1101156290680756,-1.175118757221723,-1.004137887131171,0.020807933024465708,-2.197299926968298,-5.5758428085384395,0.07214217875292017,-1.0282473284573599,-0.4868800125274261,-1.1844922001209541,1
-0.9223738443983885,-0.92710534104943,-0.7061038377836886,-1.1067344345616263,-1.0553359683794465,-1.0655105973025047,-1.0986066452304395,-1.065500080269706,-1.1741829468687237,-1.1396877567789647,-1.1752696456086287,-1.1546811397557666,-1.1101156290680756,-1.175118757221723,-1.004137887131171,0.020807933024465708,-2.197299926968298,-5.5758428085384395,0.07214217875292017,-1.0282473284573599,-0.4868800125274261,-1.1844922001209541,1
-1.00387723261067,-0.959766067546465,-0.7867053553951201,-1.1067344345616263,-1.0553359683794465,-1.0655105973025047,-1.0986066452304395,-1.065500080269706,-1.1741829468687237,-1.1396877567789647,-1.1752696456086287,-1.1546811397557666,-1.1101156290680756,-1.175118757221723,-1.004137887131171,0.020807933024465708,-2.197299926968298,-5.5758428085384395,0.07214217875292017,-1.0282473284573599,-0.4868800125274261,-1.1844922001209541,1
-0.9689472090911208,-0.9475182951100768,-0.7636763503632825,-1.1067344345616263,-1.0553359683794465,-1.0655105973025047,-1.0986066452304395,-1.065500080269706,-1.1741829468687237,-1.1396877567789647,-1.1752696456086287,-1.1546811397557666,-1.1101156290680756,-1.175118757221723,-1.004137887131171,0.020807933024465708,-2.197299926968298,-5.5758428085384395,0.433743515810024,-1.0282473284573599,-0.4868800125274261,-1.1844922001209541,1
-0.4449968562978833,-0.7678842993763842,-0.24552373714693654,-1.1067344345616263,-1.0553359683794465,-1.0655105973025047,-1.0986066452304395,-1.065500080269706,-1.1741829468687237,-1.1396877567789647,-1.1752696456086287,-1.1546811397557666,-1.1101156290680756,-1.175118757221723,-1.004137887131171,0.34593188653174023,-2.197299926968298,-5.5758428085384395,-0.2894591583041837,-1.0282473284573599,-0.4868800125274261,-1.1844922001209541,1
-0.4100668327783341,-0.6862324831337967,-0.8788213755224705,-1.1067344345616263,-1.0553359683794465,-1.0655105973025047,-1.0986066452304395,-1.065500080269706,-1.1741829468687237,-1.1396877567789647,-1.1752696456086287,-1.1546811397557666,-1.1101156290680756,-1.175118757221723,-1.004137887131171,0.2646508981549218,-2.197299926968298,-5.5758428085384395,0.07214217875292017,-1.0282473284573599,-0.4868800125274261,-1.1844922001209541,1
-0.25870339752695437,-0.7515539361278667,-0.8903358780383893,-1.1067344345616263,-1.0553359683794465,-1.0655105973025047,-1.0986066452304395,-1.065500080269706,-1.1741829468687237,-1.1396877567789647,-1.1752696456086287,-1.1546811397557666,-1.1101156290680756,-1.175118757221723,-1.004137887131171,0.2646508981549218,-2.197299926968298,-5.5758428085384395,-0.2894591583041837,-1.0282473284573599,-0.4868800125274261,-1.1844922001209541,1
-0.375136809258785,-0.5310940322728803,-0.7982198579110389,-1.1067344345616263,-1.0553359683794465,-1.0655105973025047,-1.0986066452304395,-1.065500080269706,-1.1741829468687237,-1.1396877567789647,-1.1752696456086287,-1.1546811397557666,-1.1101156290680756,-1.175118757221723,-1.004137887131171,0.34593188653174023,-2.197299926968298,-5.5758428085384395,0.07214217875292017,-1.0282473284573599,-0.4868800125274261,-1.1844922001209541,1
-0.3518501269124188,0.007807954928197525,-0.8097343604269578,-1.1067344345616263,-1.0553359683794465,-1.0655105973025047,-1.0986066452304395,-1.065500080269706,-1.1741829468687237,-1.1396877567789647,-1.1752696456086287,-1.1546811397557666,-1.1101156290680756,-1.175118757221723,-1.004137887131171,0.10208892140128434,-2.197299926968298,-5.5758428085384395,0.07214217875292017,-1.0282473284573599,-0.4868800125274261,-1.1844922001209541,1
-0.07240993875602553,-0.4698551700909396,-0.8903358780383893,-1.1067344345616263,-1.0553359683794465,-1.0655105973025047,-1.0986066452304395,-1.065500080269706,-1.1741829468687237,-1.1396877567789647,-1.1752696456086287,-1.1546811397557666,-1.1101156290680756,-1.175118757221723,-1.004137887131171,-0.06047305535235292,-2.197299926968298,-5.5758428085384395,1.156946189924232,-1.0282473284573599,0.40285194682250003,-1.1844922001209541,1
-0.24706005635377137,-0.7025628463823141,-0.970937395649821,-1.1067344345616263,-1.0553359683794465,-1.0655105973025047,-1.0986066452304395,-1.065500080269706,-1.1741829468687237,-1.1396877567789647,-1.1752696456086287,-1.1546811397557666,-1.1101156290680756,-1.175118757221723,-1.004137887131171,-0.3043160204828089,-2.197299926968298,-5.5758428085384395,0.7953448528671281,-1.0282473284573599,0.40285194682250003,-1.1844922001209541,1
-0.21213003283422216,-0.6454065750125029,-0.11886420947182974,-1.1067344345616263,-1.0553359683794465,-1.0655105973025047,-1.0986066452304395,-1.065500080269706,-1.1741829468687237,-1.1396877567789647,-1.1752696456086287,-1.1546811397557666,-1.1101156290680756,-1.175118757221723,-1.004137887131171,-0.3043160204828089,-2.197299926968298,-5.5758428085384395,0.433743515810024,-1.0282473284573599,-0.4868800125274261,-1.1844922001209541,1
-0.24706005635377137,-0.743388754503608,-1.0054809031975773,-1.1067344345616263,-1.0553359683794465,-1.0655105973025047,-1.0986066452304395,-1.065500080269706,-1.1741829468687237,-1.1396877567789647,-1.1752696456086287,-1.1546811397557666,-1.1101156290680756,-1.175118757221723,-1.004137887131171,-0.3043160204828089,-2.197299926968298,-5.5758428085384395,0.433743515810024,-1.0282473284573599,-0.4868800125274261,-1.1844922001209541,1
-0.24706005635377137,-0.7148106188187023,-0.855792370490633,-1.1067344345616263,-1.0553359683794465,-1.0655105973025047,-1.0986066452304395,-1.065500080269706,-1.1741829468687237,-1.1396877567789647,-1.1752696456086287,-1.1546811397557666,-1.1101156290680756,-1.175118757221723,-1.004137887131171,-0.14175404372917166,-2.197299926968298,-5.5758428085384395,0.07214217875292017,-1.0282473284573599,-0.4868800125274261,-1.1844922001209541,1
-0.08405327992920852,-0.6290762117639854,-0.8442778679747142,-1.1067344345616263,-1.0553359683794465,-1.0655105973025047,-1.0986066452304395,-1.065500080269706,-1.1741829468687237,-1.1396877567789647,-1.1752696456086287,-1.1546811397557666,-1.1101156290680756,-1.175118757221723,-1.004137887131171,0.10208892140128434,-2.197299926968298,-5.5758428085384395,0.433743515810024,-1.0282473284573599,-0.4868800125274261,-1.1844922001209541,1
-0.014193232890110208,-0.6331588025761148,-0.7636763503632825,-1.1067344345616263,-1.0553359683794465,-1.0655105973025047,-1.0986066452304395,-1.065500080269706,-1.1741829468687237,-1.1396877567789647,-1.1752696456086287,-1.1546811397557666,-1.1101156290680756,-1.175118757221723,-1.004137887131171,-0.06047305535235292,-2.197299926968298,-5.5758428085384395,0.07214217875292017,-1.0282473284573599,-0.4868800125274261,-1.1844922001209541,1
-0.13062664462194085,-0.6004980760790797,-0.8788213755224705,-1.1067344345616263,-1.0553359683794465,-1.0655105973025047,-1.0986066452304395,-1.065500080269706,-1.1741829468687237,-1.1396877567789647,-1.1752696456086287,-1.1546811397557666,-1.1101156290680756,-1.175118757221723,-1.004137887131171,0.1833699097781032,-2.197299926968298,-5.5758428085384395,0.07214217875292017,-1.0282473284573599,-0.4868800125274261,-1.1844922001209541,1
-0.8175837738397411,-0.5760025312063035,-0.8673068730065517,-1.1067344345616263,-1.0553359683794465,-1.0655105973025047,-1.0986066452304395,-1.065500080269706,-1.1741829468687237,-1.1396877567789647,-1.1752696456086287,-1.1546811397557666,-1.1101156290680756,-1.175118757221723,-1.004137887131171,0.10208892140128434,-2.197299926968298,-5.5758428085384395,0.07214217875292017,-1.0282473284573599,-0.4868800125274261,-1.1844922001209541,1
-0.03747991523647631,-0.5678373495820448,-0.8903358780383893,-1.1067344345616263,-1.0553359683794465,-1.0655105973025047,-1.0986066452304395,-1.065500080269706,-1.1741829468687237,-1.1396877567789647,-1.1752696456086287,-1.1546811397557666,-1.1101156290680756,-1.175118757221723,-1.004137887131171,0.34593188653174023,-2.197299926968298,-5.5758428085384395,-0.2894591583041837,-1.0282473284573599,-0.4868800125274261,-1.1844922001209541,1
-0.3285634445660527,-0.5678373495820448,-0.8212488629428765,-1.1067344345616263,-1.0553359683794465,-1.0655105973025047,-1.0986066452304395,-1.065500080269706,-1.1741829468687237,-1.1396877567789647,-1.1752696456086287,-1.1546811397557666,-1.1101156290680756,-1.175118757221723,-1.004137887131171,0.34593188653174023,-2.197299926968298,-5.5758428085384395,-0.2894591583041837,-1.0282473284573599,-0.4868800125274261,-1.1844922001209541,1
-0.22377337400740527,-0.4902681241515866,-0.8327633654587954,-1.1067344345616263,-1.0553359683794465,-1.0655105973025047,-1.0986066452304395,-1.065500080269706,-1.1741829468687237,-1.1396877567789647,-1.1752696456086287,-1.1546811397557666,-1.1101156290680756,-1.175118757221723,-1.004137887131171,0.34593188653174023,-2.197299926968298,-5.5758428085384395,-0.6510604953612875,-1.0282473284573599,-0.4868800125274261,-1.1844922001209541,1
-0.14226998579512384,-0.6086632577033385,-0.8673068730065517,-1.1067344345616263,-1.0553359683794465,-1.0655105973025047,-1.0986066452304395,-1.065500080269706,-1.1741829468687237,-1.1396877567789647,-1.1752696456086287,-1.1546811397557666,-1.1101156290680756,-1.175118757221723,-1.004137887131171,0.34593188653174023,-2.197299926968298,-5.5758428085384395,-0.2894591583041837,-1.0282473284573599,-1.3766119718773522,-1.1844922001209541,1
0.26524695526628306,-0.5760025312063035,0.4568609163241104,-1.1067344345616263,-1.0553359683794465,-1.0655105973025047,-1.0986066452304395,-1.065500080269706,-1.1741829468687237,-1.1396877567789647,-1.1752696456086287,-1.1546811397557666,-1.1101156290680756,-1.175118757221723,-1.004137887131171,0.4272128749085591,-2.197299926968298,-5.5758428085384395,-0.6510604953612875,-1.0282473284573599,-1.3766119718773522,-1.1844922001209541,0
0.2885336376126493,-0.5637547587699154,0.4568609163241104,-1.1067344345616263,-1.0553359683794465,-1.0655105973025047,-1.0986066452304395,-1.065500080269706,-1.1741829468687237,-1.1396877567789647,-1.1752696456086287,-1.1546811397557666,-1.1101156290680756,-1.175118757221723,-1.004137887131171,0.7523368284158338,-2.197299926968298,-5.5758428085384395,-0.6510604953612875,-1.0282473284573599,-0.4868800125274261,-1.1844922001209541,0
0.27689029643946617,-0.539259213897139,0.4683754188400291,-1.1067344345616263,-1.0553359683794465,-1.0655105973025047,-1.0986066452304395,-1.065500080269706,-1.1741829468687237,-1.1396877567789647,-1.1752696456086287,-1.1546811397557666,-1.1101156290680756,-1.175118757221723,-1.004137887131171,0.7523368284158338,-2.197299926968298,-5.5758428085384395,-0.6510604953612875,-1.0282473284573599,-1.3766119718773522,-1.1844922001209541,0
0.3234636611321984,-0.5555895771456566,0.5144334289037042,-1.1067344345616263,-1.0553359683794465,-1.0655105973025047,-1.0986066452304395,-1.065500080269706,-1.1741829468687237,-1.1396877567789647,-1.1752696456086287,-1.1546811397557666,-1.1101156290680756,-1.175118757221723,-1.004137887131171,0.9148988051694711,-2.197299926968298,-5.5758428085384395,-0.6510604953612875,-1.0282473284573599,-1.3766119718773522,-1.1844922001209541,0
0.3351070023053815,-0.5555895771456566,0.5029189263877856,-1.1067344345616263,-1.0553359683794465,-1.0655105973025047,-1.0986066452304395,-1.065500080269706,-1.1741829468687237,-1.1396877567789647,-1.1752696456086287,-1.1546811397557666,-1.1101156290680756,-1.175118757221723,-1.004137887131171,0.9961797935462897,-2.197299926968298,-5.5758428085384395,-0.6510604953612875,-1.0282473284573599,-1.3766119718773522,-1.1844922001209541,0
0.31182031995901527,-0.559672167957786,0.49140442387186667,-1.1067344345616263,-1.0553359683794465,-1.0655105973025047,-1.0986066452304395,-1.065500080269706,-1.1741829468687237,-1.1396877567789647,-1.1752696456086287,-1.1546811397557666,-1.1101156290680756,-1.175118757221723,-1.004137887131171,0.8336178167926525,-2.197299926968298,-5.5758428085384395,-0.6510604953612875,-1.0282473284573599,-0.4868800125274261,-1.1844922001209541,0
0.032380131802622,-0.6331588025761148,0.18051285594205901,-1.1067344345616263,-1.0553359683794465,-1.0655105973025047,-1.0986066452304395,-1.065500080269706,-1.1741829468687237,-1.1396877567789647,-1.1752696456086287,-1.1546811397557666,-1.1101156290680756,-1.175118757221723,-1.004137887131171,0.1833699097781032,-2.197299926968298,-5.5758428085384395,-0.2894591583041837,-1.0282473284573599,-0.4868800125274261,-1.1844922001209541,1
0.020736790629438895,-0.6617369382610204,0.12294034336246518,-1.1067344345616263,-1.0553359683794465,-1.0655105973025047,-1.0986066452304395,-1.065500080269706,-1.1741829468687237,-1.1396877567789647,-1.1752696456086287,-1.1546811397557666,-1.1101156290680756,-1.175118757221723,-1.004137887131171,0.2646508981549218,-2.197299926968298,-5.5758428085384395,-0.2894591583041837,-1.0282473284573599,-0.4868800125274261,-1.1844922001209541,1
0.0673101553221711,-0.5964154852669503,0.26111437355349065,-1.1067344345616263,-1.0553359683794465,-1.0655105973025047,-1.0986066452304395,-1.065500080269706,-1.1741829468687237,-1.1396877567789647,-1.1752696456086287,-1.1546811397557666,-1.1101156290680756,-1.175118757221723,-1.004137887131171,0.4272128749085591,-2.197299926968298,-5.5758428085384395,-0.2894591583041837,-1.0282473284573599,-0.4868800125274261,-1.1844922001209541,1
0.14881354353445264,-0.592332894454821,0.23808536852165307,-1.1067344345616263,-1.0553359683794465,-1.0655105973025047,-1.0986066452304395,-1.065500080269706,-1.1741829468687237,-1.1396877567789647,-1.1752696456086287,-1.1546811397557666,-1.1101156290680756,-1.175118757221723,-1.004137887131171,0.4272128749085591,-2.197299926968298,-5.5758428085384395,-0.2894591583041837,-1.0282473284573599,-0.4868800125274261,-1.1844922001209541,1
0.13717020236126953,-0.6127458485154679,0.28414337858532823,-1.1067344345616263,-1.0553359683794465,-1.0655105973025047,-1.0986066452304395,-1.065500080269706,-1.1741829468687237,-1.1396877567789647,-1.1752696456086287,-1.1546811397557666,-1.1101156290680756,-1.175118757221723,-1.004137887131171,0.4272128749085591,-2.197299926968298,-5.5758428085384395,-0.2894591583041837,-1.0282473284573599,-0.4868800125274261,-1.1844922001209541,1
0.11388352001490332,-0.6168284393275973,0.15748385091022143,-1.1067344345616263,-1.0553359683794465,-1.0655105973025047,-1.0986066452304395,-1.065500080269706,-1.1741829468687237,-1.1396877567789647,-1.1752696456086287,-1.1546811397557666,-1.1101156290680756,-1.175118757221723,-1.004137887131171,0.4272128749085591,-2.197299926968298,-5.5758428085384395,-0.6510604953612875,-1.0282473284573599,-0.4868800125274261,-1.1844922001209541,1
0.7309806021936054,-0.40861630790899894,0.8368394993494308,-1.1067344345616263,-1.0553359683794465,-1.0655105973025047,-1.0986066452304395,-1.065500080269706,-1.1741829468687237,-1.1396877567789647,-1.1752696456086287,-1.1546811397557666,-1.1101156290680756,-1.175118757221723,-1.004137887131171,0.10208892140128434,-2.197299926968298,-5.5758428085384395,-0.6510604953612875,-1.0282473284573599,-0.4868800125274261,-1.1844922001209541,0
0.7775539668863376,-0.4045337170968696,0.9174410169608624,-1.1067344345616263,-1.0553359683794465,-1.0655105973025047,-1.0986066452304395,-1.065500080269706,-1.1741829468687237,-1.1396877567789647,-1.1752696456086287,-1.1546811397557666,-1.1101156290680756,-1.175118757221723,-1.004137887131171,0.1833699097781032,-2.197299926968298,-5.5758428085384395,-0.2894591583041837,-1.0282473284573599,-0.4868800125274261,-1.1844922001209541,0
0.8008406492327036,-0.39636853547261086,0.9174410169608624,-1.1067344345616263,-1.0553359683794465,-1.0655105973025047,-1.0986066452304395,-1.065500080269706,-1.1741829468687237,-1.1396877567789647,-1.1752696456086287,-1.1546811397557666,-1.1101156290680756,-1.175118757221723,-1.004137887131171,0.34593188653174023,-2.197299926968298,-5.5758428085384395,-0.6510604953612875,-1.0282473284573599,-0.4868800125274261,-1.1844922001209541,0
0.7891973080595205,-0.37595558141196395,0.8598685043812684,-1.1067344345616263,-1.0553359683794465,-1.0655105973025047,-1.0986066452304395,-1.065500080269706,-1.1741829468687237,-1.1396877567789647,-1.1752696456086287,-1.1546811397557666,-1.1101156290680756,-1.175118757221723,-1.004137887131171,0.34593188653174023,-2.197299926968298,-5.5758428085384395,-0.2894591583041837,-1.0282473284573599,-0.4868800125274261,-1.1844922001209541,0
0.8241273315790698,-0.3473774457270583,0.9059265144449435,-1.1067344345616263,-1.0553359683794465,-1.0655105973025047,-1.0986066452304395,-1.065500080269706,-1.1741829468687237,-1.1396877567789647,-1.1752696456086287,-1.1546811397557666,-1.1101156290680756,-1.175118757221723,-1.004137887131171,0.2646508981549218,-2.197299926968298,-5.5758428085384395,-0.6510604953612875,-1.0282473284573599,-0.4868800125274261,-1.1844922001209541,0
0.9056307197913511,-0.35146003653918767,0.3417158911649223,-1.1067344345616263,-1.0553359683794465,-1.0655105973025047,-1.0986066452304395,-1.065500080269706,-1.1741829468687237,-1.1396877567789647,-1.1752696456086287,-1.1546811397557666,-1.1101156290680756,-1.175118757221723,-1.004137887131171,0.4272128749085591,-2.197299926968298,-5.5758428085384395,-0.6510604953612875,-1.0282473284573599,-0.4868800125274261,-1.1844922001209541,0
-0.6080036327224461,-0.894444614552395,-0.4297557774016373,-1.1067344345616263,-1.0553359683794465,-1.0655105973025047,-1.0986066452304395,-1.065500080269706,-1.1741829468687237,-1.1396877567789647,-1.1752696456086287,-1.1546811397557666,-1.1101156290680756,-1.175118757221723,-1.004137887131171,0.1833699097781032,-2.197299926968298,-5.5758428085384395,-0.2894591583041837,-1.0282473284573599,-0.4868800125274261,-1.1844922001209541,0
-0.6080036327224461,-0.8862794329281362,-0.4412702799175561,-1.1067344345616263,-1.0553359683794465,-1.0655105973025047,-1.0986066452304395,-1.065500080269706,-1.1741829468687237,-1.1396877567789647,-1.1752696456086287,-1.1546811397557666,-1.1101156290680756,-1.175118757221723,-1.004137887131171,0.2646508981549218,-2.197299926968298,-5.5758428085384395,-0.2894591583041837,-1.0282473284573599,-0.4868800125274261,-1.1844922001209541,0
-0.58471695037608,-0.8658664788674892,-0.4067267723697997,-1.1067344345616263,-1.0553359683794465,-1.0655105973025047,-1.0986066452304395,-1.065500080269706,-1.1741829468687237,-1.1396877567789647,-1.1752696456086287,-1.1546811397557666,-1.1101156290680756,-1.175118757221723,-1.004137887131171,0.34593188653174023,-2.197299926968298,-5.5758428085384395,-0.2894591583041837,-1.0282473284573599,-1.3766119718773522,-1.1844922001209541,0
-0.5614302680297139,-0.8699490696796186,-0.46429928494939376,-1.1067344345616263,-1.0553359683794465,-1.0655105973025047,-1.0986066452304395,-1.065500080269706,-1.1741829468687237,-1.1396877567789647,-1.1752696456086287,-1.1546811397557666,-1.1101156290680756,-1.175118757221723,-1.004137887131171,0.34593188653174023,-2.197299926968298,-5.5758428085384395,-0.2894591583041837,-1.0282473284573599,-0.4868800125274261,-1.1844922001209541,0
-0.5381435856833477,-0.8536187064311012,-0.34915425979020576,-1.1067344345616263,-1.0553359683794465,-1.0655105973025047,-1.0986066452304395,-1.065500080269706,-1.1741829468687237,-1.1396877567789647,-1.1752696456086287,-1.1546811397557666,-1.1101156290680756,-1.175118757221723,-1.004137887131171,0.2646508981549218,-2.197299926968298,-5.5758428085384395,-0.6510604953612875,-1.0282473284573599,-1.3766119718773522,-1.1844922001209541,0
-0.5265002445101647,-0.8495361156189718,-0.3952122698538809,-1.1067344345616263,-1.0553359683794465,-1.0655105973025047,-1.0986066452304395,-1.065500080269706,-1.1741829468687237,-1.1396877567789647,-1.1752696456086287,-1.1546811397557666,-1.1101156290680756,-1.175118757221723,-1.004137887131171,0.34593188653174023,-2.197299926968298,-5.5758428085384395,-0.2894591583041837,-1.0282473284573599,-0.4868800125274261,-1.1844922001209541,0
-0.7710104091470088,-0.8699490696796186,-0.5794443101085818,-1.1067344345616263,-1.0553359683794465,-1.0655105973025047,-1.0986066452304395,-1.065500080269706,-1.1741829468687237,-1.1396877567789647,-1.1752696456086287,-1.1546811397557666,-1.1101156290680756,-1.175118757221723,-1.004137887131171,0.020807933024465708,-2.197299926968298,-5.5758428085384395,0.433743515810024,-1.0282473284573599,-1.3766119718773522,-1.1844922001209541,1
-0.7593670679738258,-0.9026097961766537,-0.5564153050767442,-1.1067344345616263,-1.0553359683794465,-1.0655105973025047,-1.0986066452304395,-1.065500080269706,-1.1741829468687237,-1.1396877567789647,-1.1752696456086287,-1.1546811397557666,-1.1101156290680756,-1.175118757221723,-1.004137887131171,-0.06047305535235292,-2.197299926968298,-5.5758428085384395,0.433743515810024,-1.0282473284573599,-0.4868800125274261,-1.1844922001209541,1
-0.7477237268006427,-0.8821968421160068,-0.5679298075926629,-1.1067344345616263,-1.0553359683794465,-1.0655105973025047,-1.0986066452304395,-1.065500080269706,-1.1741829468687237,-1.1396877567789647,-1.1752696456086287,-1.1546811397557666,-1.1101156290680756,-1.175118757221723,-1.004137887131171,0.020807933024465708,-2.197299926968298,-5.5758428085384395,0.433743515810024,-1.0282473284573599,-1.3766119718773522,-1.1844922001209541,1
-0.6662203385883614,-0.8903620237402655,-0.48732828998123134,-1.1067344345616263,-1.0553359683794465,-1.0655105973025047,-1.0986066452304395,-1.065500080269706,-1.1741829468687237,-1.1396877567789647,-1.1752696456086287,-1.1546811397557666,-1.1101156290680756,-1.175118757221723,-1.004137887131171,0.10208892140128434,-2.197299926968298,-5.5758428085384395,0.433743515810024,-1.0282473284573599,-0.4868800125274261,-1.1844922001209541,1
-0.6778636797615444,-0.8821968421160068,-0.5103572950130689,-1.1067344345616263,-1.0553359683794465,-1.0655105973025047,-1.0986066452304395,-1.065500080269706,-1.1741829468687237,-1.1396877567789647,-1.1752696456086287,-1.1546811397557666,-1.1101156290680756,-1.175118757221723,-1.004137887131171,0.10208892140128434,-2.197299926968298,-5.5758428085384395,0.433743515810024,-1.0282473284573599,-1.3766119718773522,-1.1844922001209541,1
-0.7011503621079105,-0.31063412841789395,-0.5564153050767442,-1.1067344345616263,-1.0553359683794465,-1.0655105973025047,-1.0986066452304395,-1.065500080269706,-1.1741829468687237,-1.1396877567789647,-1.1752696456086287,-1.1546811397557666,-1.1101156290680756,-1.175118757221723,-1.004137887131171,0.020807933024465708,-2.197299926968298,-5.5758428085384395,0.433743515810024,-1.0282473284573599,-1.3766119718773522,-1.1844922001209541,1
0.4049670493444797,-0.4494422160302928,-0.49884279249715013,-1.1067344345616263,-1.0553359683794465,-1.0655105973025047,-1.0986066452304395,-1.065500080269706,-1.1741829468687237,-1.1396877567789647,-1.1752696456086287,-1.1546811397557666,-1.1101156290680756,-1.175118757221723,-1.004137887131171,0.34593188653174023,-2.197299926968298,-5.5758428085384395,-0.6510604953612875,-1.0282473284573599,-0.4868800125274261,-1.1844922001209541,0
0.5679738257690425,-0.4453596252181634,-0.6255023201722569,-1.1067344345616263,-1.0553359683794465,-1.0655105973025047,-1.0986066452304395,-1.065500080269706,-1.1741829468687237,-1.1396877567789647,-1.1752696456086287,-1.1546811397557666,-1.1101156290680756,-1.175118757221723,-1.004137887131171,0.4272128749085591,-2.197299926968298,-5.5758428085384395,-0.6510604953612875,-1.0282473284573599,-0.4868800125274261,-1.1844922001209541,0
0.5563304845958594,-0.47393776090306905,0.6065494490310548,-1.1067344345616263,-1.0553359683794465,-1.0655105973025047,-1.0986066452304395,-1.065500080269706,-1.1741829468687237,-1.1396877567789647,-1.1752696456086287,-1.1546811397557666,-1.1101156290680756,-1.175118757221723,-1.004137887131171,0.34593188653174023,-2.197299926968298,-5.5758428085384395,-0.2894591583041837,-1.0282473284573599,-0.4868800125274261,-1.1844922001209541,0
0.6261905316349579,-0.46168998846668086,0.8138104943175932,-1.1067344345616263,-1.0553359683794465,-1.0655105973025047,-1.0986066452304395,-1.065500080269706,-1.1741829468687237,-1.1396877567789647,-1.1752696456086287,-1.1546811397557666,-1.1101156290680756,-1.175118757221723,-1.004137887131171,0.34593188653174023,-2.197299926968298,-5.5758428085384395,-0.6510604953612875,-1.0282473284573599,-0.4868800125274261,-1.1844922001209541,0
0.6378338728081407,-0.38820335384835203,0.7907814892857556,-1.1067344345616263,-1.0553359683794465,-1.0655105973025047,-1.0986066452304395,-1.065500080269706,-1.1741829468687237,-1.1396877567789647,-1.1752696456086287,-1.1546811397557666,-1.1101156290680756,-1.175118757221723,-1.004137887131171,0.4272128749085591,-2.197299926968298,-5.5758428085384395,-0.6510604953612875,-1.0282473284573599,-0.4868800125274261,-1.1844922001209541,0
0.6261905316349579,-0.44127703440603394,-0.45278478243347486,-1.1067344345616263,-1.0553359683794465,-1.0655105973025047,-1.0986066452304395,-1.065500080269706,-1.1741829468687237,-1.1396877567789647,-1.1752696456086287,-1.1546811397557666,-1.1101156290680756,-1.175118757221723,-1.004137887131171,0.2646508981549218,-2.197299926968298,-5.5758428085384395,-0.6510604953612875,-1.0282473284573599,-0.4868800125274261,-1.1844922001209541,0
-0.3984234916051511,-0.7678842993763842,-0.9824518981657397,-1.1067344345616263,-1.0553359683794465,-1.0655105973025047,-1.0986066452304395,-1.065500080269706,-1.1741829468687237,-1.1396877567789647,-1.1752696456086287,-1.1546811397557666,-1.1101156290680756,-1.175118757221723,-1.004137887131171,-0.14175404372917166,-2.197299926968298,-5.5758428085384395,0.07214217875292017,-1.0282473284573599,-0.4868800125274261,-1.1844922001209541,1
-0.4449968562978833,-0.7393061636914786,-0.9939664006816585,-1.1067344345616263,-1.0553359683794465,-1.0655105973025047,-1.0986066452304395,-1.065500080269706,-1.1741829468687237,-1.1396877567789647,-1.1752696456086287,-1.1546811397557666,-1.1101156290680756,-1.175118757221723,-1.004137887131171,-0.14175404372917166,-2.197299926968298,-5.5758428085384395,0.07214217875292017,-1.0282473284573599,-0.4868800125274261,-1.1844922001209541,1
-0.3634934680856019,-0.7556365269399961,-1.0054809031975773,-1.1067344345616263,-1.0553359683794465,-1.0655105973025047,-1.0986066452304395,-1.065500080269706,-1.1741829468687237,-1.1396877567789647,-1.1752696456086287,-1.1546811397557666,-1.1101156290680756,-1.175118757221723,-1.004137887131171,-0.06047305535235292,-2.197299926968298,-5.5758428085384395,0.07214217875292017,-1.0282473284573599,-0.4868800125274261,-1.1844922001209541,1
-0.3052767622196866,-0.7556365269399961,-0.9824518981657397,-1.1067344345616263,-1.0553359683794465,-1.0655105973025047,-1.0986066452304395,-1.065500080269706,-1.1741829468687237,-1.1396877567789647,-1.1752696456086287,-1.1546811397557666,-1.1101156290680756,-1.175118757221723,-1.004137887131171,0.020807933024465708,-2.197299926968298,-5.5758428085384395,-0.2894591583041837,-1.0282473284573599,-0.4868800125274261,-1.1844922001209541,1
-0.375136809258785,-0.7556365269399961,-1.0054809031975773,-1.1067344345616263,-1.0553359683794465,-1.0655105973025047,-1.0986066452304395,-1.065500080269706,-1.1741829468687237,-1.1396877567789647,-1.1752696456086287,-1.1546811397557666,-1.1101156290680756,-1.175118757221723,-1.004137887131171,-0.06047305535235292,-2.197299926968298,-5.5758428085384395,0.07214217875292017,-1.0282473284573599,-0.4868800125274261,-1.1844922001209541,1
-0.4449968562978833,-0.6984802555701848,-1.0054809031975773,-1.1067344345616263,-1.0553359683794465,-1.0655105973025047,-1.0986066452304395,-1.065500080269706,-1.1741829468687237,-1.1396877567789647,-1.1752696456086287,-1.1546811397557666,-1.1101156290680756,-1.175118757221723,-1.004137887131171,-0.2230350321059903,-2.197299926968298,-5.5758428085384395,0.07214217875292017,-1.0282473284573599,-0.4868800125274261,-1.1844922001209541,1
-0.6312903150688122,-0.8495361156189718,-0.47581378746531255,-1.1067344345616263,-1.0553359683794465,-1.0655105973025047,-1.0986066452304395,-1.065500080269706,-1.1741829468687237,-1.1396877567789647,-1.1752696456086287,-1.1546811397557666,-1.1101156290680756,-1.175118757221723,-1.004137887131171,0.34593188653174023,-2.197299926968298,-5.5758428085384395,0.07214217875292017,-1.0282473284573599,-0.4868800125274261,-1.1844922001209541,1
-0.7244370444542766,0.9835471590271188,-0.5218717975289877,-1.1067344345616263,-1.0553359683794465,-1.0655105973025047,-1.0986066452304395,-1.065500080269706,-1.1741829468687237,-1.1396877567789647,-1.1752696456086287,-1.1546811397557666,-1.1101156290680756,-1.175118757221723,-1.004137887131171,0.2646508981549218,-2.197299926968298,-5.5758428085384395,0.07214217875292017,-1.0282473284573599,-1.3766119718773522,-1.1844922001209541,1
-0.7477237268006427,-0.894444614552395,-0.5218717975289877,-1.1067344345616263,-1.0553359683794465,-1.0655105973025047,-1.0986066452304395,-1.065500080269706,-1.1741829468687237,-1.1396877567789647,-1.1752696456086287,-1.1546811397557666,-1.1101156290680756,-1.175118757221723,-1.004137887131171,0.34593188653174023,-2.197299926968298,-5.5758428085384395,0.07214217875292017,-1.0282473284573599,-0.4868800125274261,-1.1844922001209541,1
-0.7477237268006427,-0.9189401594251712,-0.5449008025608253,-1.1067344345616263,-1.0553359683794465,-1.0655105973025047,-1.0986066452304395,-1.065500080269706,-1.1741829468687237,-1.1396877567789647,-1.1752696456086287,-1.1546811397557666,-1.1101156290680756,-1.175118757221723,-1.004137887131171,0.34593188653174023,-2.197299926968298,-5.5758428085384395,0.07214217875292017,-1.0282473284573599,-1.3766119718773522,-1.1844922001209541,1
-0.7244370444542766,-0.8127927983098073,-0.5333863000449065,-1.1067344345616263,-1.0553359683794465,-1.0655105973025047,-1.0986066452304395,-1.065500080269706,-1.1741829468687237,-1.1396877567789647,-1.1752696456086287,-1.1546811397557666,-1.1101156290680756,-1.175118757221723,-1.004137887131171,0.1833699097781032,-2.197299926968298,-5.5758428085384395,0.07214217875292017,-1.0282473284573599,-0.4868800125274261,-1.1844922001209541,1
-0.7477237268006427,-0.9066923869887831,-0.5333863000449065,-1.1067344345616263,-1.0553359683794465,-1.0655105973025047,-1.0986066452304395,-1.065500080269706,-1.1741829468687237,-1.1396877567789647,-1.1752696456086287,-1.1546811397557666,-1.1101156290680756,-1.175118757221723,-1.004137887131171,0.34593188653174023,-2.197299926968298,-5.5758428085384395,0.07214217875292017,-1.0282473284573599,-1.3766119718773522,-1.1844922001209541,1
-0.9223738443983885,-1.0005919756677588,-0.7176183402996072,-1.1067344345616263,-1.0553359683794465,-1.0655105973025047,-1.0986066452304395,-1.065500080269706,-1.1741829468687237,-1.1396877567789647,-1.1752696456086287,-1.1546811397557666,-1.1101156290680756,-1.175118757221723,-1.004137887131171,0.020807933024465708,-2.197299926968298,-5.5758428085384395,0.07214217875292017,-1.0282473284573599,-0.4868800125274261,-1.1844922001209541,1
-0.8641571385324733,-0.9475182951100768,-0.7751908528792013,-1.1067344345616263,-1.0553359683794465,-1.0655105973025047,-1.0986066452304395,-1.065500080269706,-1.1741829468687237,-1.1396877567789647,-1.1752696456086287,-1.1546811397557666,-1.1101156290680756,-1.175118757221723,-1.004137887131171,-0.14175404372917166,-2.197299926968298,-5.5758428085384395,0.433743515810024,-1.0282473284573599,-0.4868800125274261,-1.1844922001209541,1
-0.9107305032252055,-0.9760964307949824,-0.7867053553951201,-1.1067344345616263,-1.0553359683794465,-1.0655105973025047,-1.0986066452304395,-1.065500080269706,-1.1741829468687237,-1.1396877567789647,-1.1752696456086287,-1.1546811397557666,-1.1101156290680756,-1.175118757221723,-1.004137887131171,-0.14175404372917166,-2.197299926968298,-5.5758428085384395,0.433743515810024,-1.0282473284573599,-0.4868800125274261,-1.1844922001209541,1
-0.9223738443983885,-0.9801790216071119,-0.7521618478473637,-1.1067344345616263,-1.0553359683794465,-1.0655105973025047,-1.0986066452304395,-1.065500080269706,-1.1741829468687237,-1.1396877567789647,-1.1752696456086287,-1.1546811397557666,-1.1101156290680756,-1.175118757221723,-1.004137887131171,-0.14175404372917166,-2.197299926968298,-5.5758428085384395,0.07214217875292017,-1.0282473284573599,-0.4868800125274261,-1.1844922001209541,1
-0.8641571385324733,-0.9679312491707237,-0.6600458277200133,-1.1067344345616263,-1.0553359683794465,-1.0655105973025047,-1.0986066452304395,-1.065500080269706,-1.1741829468687237,-1.1396877567789647,-1.1752696456086287,-1.1546811397557666,-1.1101156290680756,-1.175118757221723,-1.004137887131171,-0.06047305535235292,-2.197299926968298,-5.5758428085384395,0.07214217875292017,-1.0282473284573599,-0.4868800125274261,-1.1844922001209541,1
-0.8874438208788393,-1.0005919756677588,-0.7521618478473637,-1.1067344345616263,-1.0553359683794465,-1.0655105973025047,-1.0986066452304395,-1.065500080269706,-1.1741829468687237,-1.1396877567789647,-1.1752696456086287,-1.1546811397557666,-1.1101156290680756,-1.175118757221723,-1.004137887131171,0.10208892140128434,-2.197299926968298,-5.5758428085384395,-0.2894591583041837,-1.0282473284573599,-0.4868800125274261,-1.1844922001209541,1
0.020736790629438895,-0.5800851220184329,-0.8903358780383893,-1.1067344345616263,-1.0553359683794465,-1.0655105973025047,-1.0986066452304395,-1.065500080269706,-1.1741829468687237,-1.1396877567789647,-1.1752696456086287,-1.1546811397557666,-1.1101156290680756,-1.175118757221723,-1.004137887131171,-0.6294399739900838,-2.197299926968298,-5.5758428085384395,0.07214217875292017,-1.0282473284573599,0.40285194682250003,-1.1844922001209541,1
0.0673101553221711,-0.6004980760790797,0.030824323235114637,-1.1067344345616263,-1.0553359683794465,-1.0655105973025047,-1.0986066452304395,-1.065500080269706,-1.1741829468687237,-1.1396877567789647,-1.1752696456086287,-1.1546811397557666,-1.1101156290680756,-1.175118757221723,-1.004137887131171,-0.38559700885962767,-2.197299926968298,-5.5758428085384395,0.07214217875292017,-1.0282473284573599,0.40285194682250003,-1.1844922001209541,1
0.04402347297580511,-0.592332894454821,-0.13037871198774853,-1.1067344345616263,-1.0553359683794465,-1.0655105973025047,-1.0986066452304395,-1.065500080269706,-1.1741829468687237,-1.1396877567789647,-1.1752696456086287,-1.1546811397557666,-1.1101156290680756,-1.175118757221723,-1.004137887131171,-0.4668779972364463,-2.197299926968298,-5.5758428085384395,-0.2894591583041837,-1.0282473284573599,-0.4868800125274261,-1.1844922001209541,1
0.020736790629438895,-0.4902681241515866,-0.3146107522424493,-1.1067344345616263,-1.0553359683794465,-1.0655105973025047,-1.0986066452304395,-1.065500080269706,-1.1741829468687237,-1.1396877567789647,-1.1752696456086287,-1.1546811397557666,-1.1101156290680756,-1.175118757221723,-1.004137887131171,-0.6294399739900838,-2.197299926968298,-5.5758428085384395,0.07214217875292017,-1.0282473284573599,0.40285194682250003,-1.1844922001209541,1
-0.014193232890110208,-0.5555895771456566,-0.9018503805543081,-1.1067344345616263,-1.0553359683794465,-1.0655105973025047,-1.0986066452304395,-1.065500080269706,-1.1741829468687237,-1.1396877567789647,-1.1752696456086287,-1.1546811397557666,-1.1101156290680756,-1.175118757221723,-1.004137887131171,-0.548158985613265,-2.197299926968298,-5.5758428085384395,0.07214217875292017,-1.0282473284573599,0.40285194682250003,-1.1844922001209541,1
0.055666814148988,-0.4984333057758453,-0.09583520443999205,-1.1067344345616263,-1.0553359683794465,-1.0655105973025047,-1.0986066452304395,-1.065500080269706,-1.1741829468687237,-1.1396877567789647,-1.1752696456086287,-1.1546811397557666,-1.1101156290680756,-1.175118757221723,-1.004137887131171,-0.792001950743721,-2.197299926968298,-5.5758428085384395,0.433743515810024,-1.0282473284573599,0.40285194682250003,-1.1844922001209541,1
-0.09569662110239163,-0.5760025312063035,-0.855792370490633,-1.1067344345616263,-1.0553359683794465,-1.0655105973025047,-1.0986066452304395,-1.065500080269706,-1.1741829468687237,-1.1396877567789647,-1.1752696456086287,-1.1546811397557666,-1.1101156290680756,-1.175118757221723,-1.004137887131171,-0.792001950743721,-2.197299926968298,-5.5758428085384395,0.433743515810024,-1.0282473284573599,0.40285194682250003,-1.1844922001209541,1
-0.2703467387001375,-0.7515539361278667,-0.06129169689223568,-1.1067344345616263,-1.0553359683794465,-1.0655105973025047,-1.0986066452304395,-1.065500080269706,-1.1741829468687237,-1.1396877567789647,-1.1752696456086287,-1.1546811397557666,-1.1101156290680756,-1.175118757221723,-1.004137887131171,-0.14175404372917166,-2.197299926968298,-5.5758428085384395,-0.2894591583041837,-1.0282473284573599,-0.4868800125274261,-1.1844922001209541,1
-0.3052767622196866,-0.7474713453157373,-0.11886420947182974,-1.1067344345616263,-1.0553359683794465,-1.0655105973025047,-1.0986066452304395,-1.065500080269706,-1.1741829468687237,-1.1396877567789647,-1.1752696456086287,-1.1546811397557666,-1.1101156290680756,-1.175118757221723,-1.004137887131171,-0.2230350321059903,-2.197299926968298,-5.5758428085384395,0.07214217875292017,-1.0282473284573599,-0.4868800125274261,-1.1844922001209541,1
-0.25870339752695437,-0.7597191177521254,-0.8788213755224705,-1.1067344345616263,-1.0553359683794465,-1.0655105973025047,-1.0986066452304395,-1.065500080269706,-1.1741829468687237,-1.1396877567789647,-1.1752696456086287,-1.1546811397557666,-1.1101156290680756,-1.175118757221723,-1.004137887131171,-0.06047305535235292,-2.197299926968298,-5.5758428085384395,-0.2894591583041837,-1.0282473284573599,-0.4868800125274261,-1.1844922001209541,1
-0.20048669166103916,-0.7148106188187023,-0.970937395649821,-1.1067344345616263,-1.0553359683794465,-1.0655105973025047,-1.0986066452304395,-1.065500080269706,-1.1741829468687237,-1.1396877567789647,-1.1752696456086287,-1.1546811397557666,-1.1101156290680756,-1.175118757221723,-1.004137887131171,0.10208892140128434,-2.197299926968298,-5.5758428085384395,-0.2894591583041837,-1.0282473284573599,-0.4868800125274261,-1.1844922001209541,1
-0.20048669166103916,-0.7515539361278667,-0.0382626918603981,-1.1067344345616263,-1.0553359683794465,-1.0655105973025047,-1.0986066452304395,-1.065500080269706,-1.1741829468687237,-1.1396877567789647,-1.1752696456086287,-1.1546811397557666,-1.1101156290680756,-1.175118757221723,-1.004137887131171,0.020807933024465708,-2.197299926968298,-5.5758428085384395,-0.2894591583041837,-1.0282473284573599,-0.4868800125274261,-1.1844922001209541,1
-0.17720000931467306,-0.7311409820672199,-0.09583520443999205,-1.1067344345616263,-1.0553359683794465,-1.0655105973025047,-1.0986066452304395,-1.065500080269706,-1.1741829468687237,-1.1396877567789647,-1.1752696456086287,-1.1546811397557666,-1.1101156290680756,-1.175118757221723,-1.004137887131171,0.10208892140128434,-2.197299926968298,-5.5758428085384395,-0.2894591583041837,-1.0282473284573599,-0.4868800125274261,-1.1844922001209541,1
-0.573073609202897,-0.8332057523704542,-0.4182412748857185,-1.1067344345616263,-1.0553359683794465,-1.0655105973025047,-1.0986066452304395,-1.065500080269706,-1.1741829468687237,-1.1396877567789647,-1.1752696456086287,-1.1546811397557666,-1.1101156290680756,-1.175118757221723,-1.004137887131171,-0.4668779972364463,-2.197299926968298,-5.5758428085384395,0.433743515810024,-1.0282473284573599,-0.4868800125274261,-1.1844922001209541,1
-0.573073609202897,-0.8454535248068424,-0.6485313252040945,-1.1067344345616263,-1.0553359683794465,-1.0655105973025047,-1.0986066452304395,-1.065500080269706,-1.1741829468687237,-1.1396877567789647,-1.1752696456086287,-1.1546811397557666,-1.1101156290680756,-1.175118757221723,-1.004137887131171,-0.4668779972364463,-2.197299926968298,-5.5758428085384395,0.07214217875292017,-1.0282473284573599,-0.4868800125274261,-1.1844922001209541,1
-0.5614302680297139,-0.8413709339947131,-0.6139878176563381,-1.1067344345616263,-1.0553359683794465,-1.0655105973025047,-1.0986066452304395,-1.065500080269706,-1.1741829468687237,-1.1396877567789647,-1.1752696456086287,-1.1546811397557666,-1.1101156290680756,-1.175118757221723,-1.004137887131171,-0.7107209623669024,-2.197299926968298,-5.5758428085384395,0.7953448528671281,-1.0282473284573599,-0.4868800125274261,-1.1844922001209541,1
-0.573073609202897,-0.8413709339947131,-0.4182412748857185,-1.1067344345616263,-1.0553359683794465,-1.0655105973025047,-1.0986066452304395,-1.065500080269706,-1.1741829468687237,-1.1396877567789647,-1.1752696456086287,-1.1546811397557666,-1.1101156290680756,-1.175118757221723,-1.004137887131171,-1.0358449158741772,-2.197299926968298,-5.5758428085384395,0.7953448528671281,-1.0282473284573599,-0.4868800125274261,-1.1844922001209541,1
-0.5381435856833477,-0.8046276166855486,-0.8903358780383893,-1.1067344345616263,-1.0553359683794465,-1.0655105973025047,-1.0986066452304395,-1.065500080269706,-1.1741829468687237,-1.1396877567789647,-1.1752696456086287,-1.1546811397557666,-1.1101156290680756,-1.175118757221723,-1.004137887131171,-0.4668779972364463,-2.197299926968298,-5.5758428085384395,0.433743515810024,-1.0282473284573599,-0.4868800125274261,-1.1844922001209541,1
-0.4100668327783341,0.97538197740286,-0.9939664006816585,-1.1067344345616263,-1.0553359683794465,-1.0655105973025047,-1.0986066452304395,-1.065500080269706,-1.1741829468687237,-1.1396877567789647,-1.1752696456086287,-1.1546811397557666,-1.1101156290680756,-1.175118757221723,-1.004137887131171,-0.8732829391205397,-2.197299926968298,-5.5758428085384395,0.7953448528671281,-1.0282473284573599,-0.4868800125274261,-1.1844922001209541,1
-0.2819900798733205,-0.7882972534370312,-0.8903358780383893,-1.1067344345616263,-1.0553359683794465,-1.0655105973025047,-1.0986066452304395,-1.065500080269706,-1.1741829468687237,-1.1396877567789647,-1.1752696456086287,-1.1546811397557666,-1.1101156290680756,-1.175118757221723,-1.004137887131171,0.4272128749085591,-2.197299926968298,-5.5758428085384395,-0.2894591583041837,-1.0282473284573599,-0.4868800125274261,-1.1844922001209541,1
-0.23541671518058827,-0.7638017085642549,-0.2800672446946929,-1.1067344345616263,-1.0553359683794465,-1.0655105973025047,-1.0986066452304395,-1.065500080269706,-1.1741829468687237,-1.1396877567789647,-1.1752696456086287,-1.1546811397557666,-1.1101156290680756,-1.175118757221723,-1.004137887131171,0.5897748516621963,-2.197299926968298,-5.5758428085384395,-0.6510604953612875,-1.0282473284573599,-0.4868800125274261,-1.1844922001209541,1
-0.2936334210465036,-0.7638017085642549,-0.22249473211509896,-1.1067344345616263,-1.0553359683794465,-1.0655105973025047,-1.0986066452304395,-1.065500080269706,-1.1741829468687237,-1.1396877567789647,-1.1752696456086287,-1.1546811397557666,-1.1101156290680756,-1.175118757221723,-1.004137887131171,0.5084938632853777,-2.197299926968298,-5.5758428085384395,-0.2894591583041837,-1.0282473284573599,-1.3766119718773522,-1.1844922001209541,1
-0.22377337400740527,-0.7515539361278667,-0.09583520443999205,-1.1067344345616263,-1.0553359683794465,-1.0655105973025047,-1.0986066452304395,-1.065500080269706,-1.1741829468687237,-1.1396877567789647,-1.1752696456086287,-1.1546811397557666,-1.1101156290680756,-1.175118757221723,-1.004137887131171,0.671055840039015,-2.197299926968298,-5.5758428085384395,-0.2894591583041837,-1.0282473284573599,-0.4868800125274261,-1.1844922001209541,1
-0.2703467387001375,-0.776049481000643,-0.22249473211509896,-1.1067344345616263,-1.0553359683794465,-1.0655105973025047,-1.0986066452304395,-1.065500080269706,-1.1741829468687237,-1.1396877567789647,-1.1752696456086287,-1.1546811397557666,-1.1101156290680756,-1.175118757221723,-1.004137887131171,0.4272128749085591,-2.197299926968298,-5.5758428085384395,-0.2894591583041837,-1.0282473284573599,-0.4868800125274261,-1.1844922001209541,1
-0.2703467387001375,-0.776049481000643,-0.23400923463101775,-1.1067344345616263,-1.0553359683794465,-1.0655105973025047,-1.0986066452304395,-1.065500080269706,-1.1741829468687237,-1.1396877567789647,-1.1752696456086287,-1.1546811397557666,-1.1101156290680756,-1.175118757221723,-1.004137887131171,0.671055840039015,-2.197299926968298,-5.5758428085384395,-0.2894591583041837,-1.0282473284573599,-0.4868800125274261,-1.1844922001209541,1
0.21867359057355085,-0.5678373495820448,-0.8327633654587954,-1.1067344345616263,-1.0553359683794465,-1.0655105973025047,-1.0986066452304395,-1.065500080269706,-1.1741829468687237,-1.1396877567789647,-1.1752696456086287,-1.1546811397557666,-1.1101156290680756,-1.175118757221723,-1.004137887131171,0.020807933024465708,-2.197299926968298,-5.5758428085384395,0.07214217875292017,-1.0282473284573599,-0.4868800125274261,-1.1844922001209541,1
0.30017697878583216,-0.5065984874001042,-0.7291328428155261,-1.1067344345616263,-1.0553359683794465,-1.0655105973025047,-1.0986066452304395,-1.065500080269706,-1.1741829468687237,-1.1396877567789647,-1.1752696456086287,-1.1546811397557666,-1.1101156290680756,-1.175118757221723,-1.004137887131171,0.1833699097781032,-2.197299926968298,-5.5758428085384395,0.07214217875292017,-1.0282473284573599,-0.4868800125274261,-1.1844922001209541,1
0.3933237081712968,-0.5188462598364922,0.5374624339355418,-1.1067344345616263,-1.0553359683794465,-1.0655105973025047,-1.0986066452304395,-1.065500080269706,-1.1741829468687237,-1.1396877567789647,-1.1752696456086287,-1.1546811397557666,-1.1101156290680756,-1.175118757221723,-1.004137887131171,0.10208892140128434,-2.197299926968298,-5.5758428085384395,-0.2894591583041837,-1.0282473284573599,-0.4868800125274261,-1.1844922001209541,1
0.34675034347856437,-0.5147636690243629,0.42231740877635393,-1.1067344345616263,-1.0553359683794465,-1.0655105973025047,-1.0986066452304395,-1.065500080269706,-1.1741829468687237,-1.1396877567789647,-1.1752696456086287,-1.1546811397557666,-1.1101156290680756,-1.175118757221723,-1.004137887131171,0.020807933024465708,-2.197299926968298,-5.5758428085384395,0.433743515810024,-1.0282473284573599,-0.4868800125274261,-1.1844922001209541,1
0.4166103905176628,-0.4698551700909396,0.37625939871267877,-1.1067344345616263,-1.0553359683794465,-1.0655105973025047,-1.0986066452304395,-1.065500080269706,-1.1741829468687237,-1.1396877567789647,-1.1752696456086287,-1.1546811397557666,-1.1101156290680756,-1.175118757221723,-1.004137887131171,0.1833699097781032,-2.197299926968298,-5.5758428085384395,0.07214217875292017,-1.0282473284573599,-0.4868800125274261,-1.1844922001209541,1
0.3700370258249306,-0.49435071496371596,-0.6945893352677697,-1.1067344345616263,-1.0553359683794465,-1.0655105973025047,-1.0986066452304395,-1.065500080269706,-1.1741829468687237,-1.1396877567789647,-1.1752696456086287,-1.1546811397557666,-1.1101156290680756,-1.175118757221723,-1.004137887131171,0.020807933024465708,-2.197299926968298,-5.5758428085384395,-0.2894591583041837,-1.0282473284573599,-0.4868800125274261,-1.1844922001209541,1
-0.2703467387001375,0.5916184410626986,-0.9594228931339022,-1.1067344345616263,-1.0553359683794465,-1.0655105973025047,-1.0986066452304395,-1.065500080269706,-1.1741829468687237,-1.1396877567789647,-1.1752696456086287,-1.1546811397557666,-1.1101156290680756,-1.175118757221723,-1.004137887131171,0.1833699097781032,-2.197299926968298,-5.5758428085384395,0.433743515810024,-1.0282473284573599,-0.4868800125274261,-1.1844922001209541,1
-0.18884335048785605,0.38748890045622963,-0.9363938881020646,-1.1067344345616263,-1.0553359683794465,-1.0655105973025047,-1.0986066452304395,-1.065500080269706,-1.1741829468687237,-1.1396877567789647,-1.1752696456086287,-1.1546811397557666,-1.1101156290680756,-1.175118757221723,-1.004137887131171,0.4272128749085591,-2.197299926968298,-5.5758428085384395,-0.2894591583041837,-1.0282473284573599,-0.4868800125274261,-1.1844922001209541,1
-0.04912325640965942,0.42014962695326474,-0.8442778679747142,-1.1067344345616263,-1.0553359683794465,-1.0655105973025047,-1.0986066452304395,-1.065500080269706,-1.1741829468687237,-1.1396877567789647,-1.1752696456086287,-1.1546811397557666,-1.1101156290680756,-1.175118757221723,-1.004137887131171,0.34593188653174023,-2.197299926968298,-5.5758428085384395,0.433743515810024,-1.0282473284573599,-0.4868800125274261,-1.1844922001209541,1
0.04402347297580511,0.38748890045622963,-0.8097343604269578,-1.1067344345616263,-1.0553359683794465,-1.0655105973025047,-1.0986066452304395,-1.065500080269706,-1.1741829468687237,-1.1396877567789647,-1.1752696456086287,-1.1546811397557666,-1.1101156290680756,-1.175118757221723,-1.004137887131171,0.34593188653174023,-2.197299926968298,-5.5758428085384395,0.433743515810024,-1.0282473284573599,-0.4868800125274261,-1.1844922001209541,1
0.4981137787299441,-0.4657725792788102,-0.683074832751851,-1.1067344345616263,-1.0553359683794465,-1.0655105973025047,-1.0986066452304395,-1.065500080269706,-1.1741829468687237,-1.1396877567789647,-1.1752696456086287,-1.1546811397557666,-1.1101156290680756,-1.175118757221723,-1.004137887131171,0.2646508981549218,-2.197299926968298,-5.5758428085384395,0.07214217875292017,-1.0282473284573599,-0.4868800125274261,-1.1844922001209541,1
-0.5381435856833477,0.5385447605050167,-0.7406473453314449,-1.1067344345616263,-1.0553359683794465,-1.0655105973025047,-1.0986066452304395,-1.065500080269706,-1.1741829468687237,-1.1396877567789647,-1.1752696456086287,-1.1546811397557666,-1.1101156290680756,-1.175118757221723,-1.004137887131171,0.2646508981549218,-2.197299926968298,-5.5758428085384395,-0.2894591583041837,-1.0282473284573599,-0.4868800125274261,-1.1844922001209541,1
0.020736790629438895,-0.539259213897139,-0.7982198579110389,-1.1067344345616263,-1.0553359683794465,-1.0655105973025047,-1.0986066452304395,-1.065500080269706,-1.1741829468687237,-1.1396877567789647,-1.1752696456086287,-1.1546811397557666,-1.1101156290680756,-1.175118757221723,-1.004137887131171,0.5084938632853777,-2.197299926968298,-5.5758428085384395,0.433743515810024,-1.0282473284573599,-0.4868800125274261,-1.1844922001209541,1
-0.4217101739515172,-0.5882503036426916,-0.7982198579110389,-1.1067344345616263,-1.0553359683794465,-1.0655105973025047,-1.0986066452304395,-1.065500080269706,-1.1741829468687237,-1.1396877567789647,-1.1752696456086287,-1.1546811397557666,-1.1101156290680756,-1.175118757221723,-1.004137887131171,-0.2230350321059903,-2.197299926968298,-5.5758428085384395,0.07214217875292017,-1.0282473284573599,-0.4868800125274261,-1.1844922001209541,1
0.09059683766853732,-0.6127458485154679,-0.8442778679747142,-1.1067344345616263,-1.0553359683794465,-1.0655105973025047,-1.0986066452304395,-1.065500080269706,-1.1741829468687237,-1.1396877567789647,-1.1752696456086287,-1.1546811397557666,-1.1101156290680756,-1.175118757221723,-1.004137887131171,-0.2230350321059903,-2.197299926968298,-5.5758428085384395,0.07214217875292017,-1.0282473284573599,-0.4868800125274261,-1.1844922001209541,1
-0.21213003283422216,-0.6209110301397267,-0.8442778679747142,-1.1067344345616263,-1.0553359683794465,-1.0655105973025047,-1.0986066452304395,-1.065500080269706,-1.1741829468687237,-1.1396877567789647,-1.1752696456086287,-1.1546811397557666,-1.1101156290680756,-1.175118757221723,-1.004137887131171,-0.14175404372917166,-2.197299926968298,-5.5758428085384395,0.07214217875292017,-1.0282473284573599,-1.3766119718773522,-1.1844922001209541,1
-0.3402067857392358,-0.6086632577033385,-0.8327633654587954,-1.1067344345616263,-1.0553359683794465,-1.0655105973025047,-1.0986066452304395,-1.065500080269706,-1.1741829468687237,-1.1396877567789647,-1.1752696456086287,-1.1546811397557666,-1.1101156290680756,-1.175118757221723,-1.004137887131171,-0.2230350321059903,-2.197299926968298,-5.5758428085384395,0.07214217875292017,-1.0282473284573599,-1.3766119718773522,-1.1844922001209541,1
-0.4217101739515172,-0.6127458485154679,-0.8212488629428765,-1.1067344345616263,-1.0553359683794465,-1.0655105973025047,-1.0986066452304395,-1.065500080269706,-1.1741829468687237,-1.1396877567789647,-1.1752696456086287,-1.1546811397557666,-1.1101156290680756,-1.175118757221723,-1.004137887131171,-0.2230350321059903,-2.197299926968298,-5.5758428085384395,0.07214217875292017,-1.0282473284573599,-1.3766119718773522,-1.1844922001209541,1
-0.09569662110239163,-0.6086632577033385,-0.8442778679747142,-1.1067344345616263,-1.0553359683794465,-1.0655105973025047,-1.0986066452304395,-1.065500080269706,-1.1741829468687237,-1.1396877567789647,-1.1752696456086287,-1.1546811397557666,-1.1101156290680756,-1.175118757221723,-1.004137887131171,-0.2230350321059903,-2.197299926968298,-5.5758428085384395,0.07214217875292017,-1.0282473284573599,-1.3766119718773522,-1.1844922001209541,1
-0.6429336562419952,-0.8985272053645244,-0.49884279249715013,-1.1067344345616263,-1.0553359683794465,-1.0655105973025047,-1.0986066452304395,-1.065500080269706,-1.1741829468687237,-1.1396877567789647,-1.1752696456086287,-1.1546811397557666,-1.1101156290680756,-1.175118757221723,-1.004137887131171,0.4272128749085591,-2.197299926968298,-5.5758428085384395,-0.2894591583041837,-1.0282473284573599,-0.4868800125274261,-1.1844922001209541,1
-0.6312903150688122,-0.9026097961766537,-0.5449008025608253,-1.1067344345616263,-1.0553359683794465,-1.0655105973025047,-1.0986066452304395,-1.065500080269706,-1.1741829468687237,-1.1396877567789647,-1.1752696456086287,-1.1546811397557666,-1.1101156290680756,-1.175118757221723,-1.004137887131171,0.4272128749085591,-2.197299926968298,-5.5758428085384395,0.07214217875292017,-1.0282473284573599,-0.4868800125274261,-1.1844922001209541,1
-0.6312903150688122,-0.894444614552395,-0.6024733151404194,-1.1067344345616263,-1.0553359683794465,-1.0655105973025047,-1.0986066452304395,-1.065500080269706,-1.1741829468687237,-1.1396877567789647,-1.1752696456086287,-1.1546811397557666,-1.1101156290680756,-1.175118757221723,-1.004137887131171,0.1833699097781032,-2.197299926968298,-5.5758428085384395,-0.2894591583041837,-1.0282473284573599,-0.4868800125274261,-1.1844922001209541,1
-0.6312903150688122,-0.9066923869887831,-0.5564153050767442,-1.1067344345616263,-1.0553359683794465,-1.0655105973025047,-1.0986066452304395,-1.065500080269706,-1.1741829468687237,-1.1396877567789647,-1.1752696456086287,-1.1546811397557666,-1.1101156290680756,-1.175118757221723,-1.004137887131171,0.4272128749085591,-2.197299926968298,-5.5758428085384395,-0.2894591583041837,-1.0282473284573599,-0.4868800125274261,-1.1844922001209541,1
-0.6429336562419952,-0.9066923869887831,-0.7636763503632825,-1.1067344345616263,-1.0553359683794465,-1.0655105973025047,-1.0986066452304395,-1.065500080269706,-1.1741829468687237,-1.1396877567789647,-1.1752696456086287,-1.1546811397557666,-1.1101156290680756,-1.175118757221723,-1.004137887131171,0.1833699097781032,-2.197299926968298,-5.5758428085384395,0.07214217875292017,-1.0282473284573599,-0.4868800125274261,-1.1844922001209541,1
-0.6545769974151783,-0.9148575686130418,-0.49884279249715013,-1.1067344345616263,-1.0553359683794465,-1.0655105973025047,-1.0986066452304395,-1.065500080269706,-1.1741829468687237,-1.1396877567789647,-1.1752696456086287,-1.1546811397557666,-1.1101156290680756,-1.175118757221723,-1.004137887131171,0.34593188653174023,-2.197299926968298,-5.5758428085384395,-0.2894591583041837,-1.0282473284573599,-0.4868800125274261,-1.1844922001209541,1
-0.7942970914933749,-0.959766067546465,-0.683074832751851,-1.1067344345616263,-1.0553359683794465,-1.0655105973025047,-1.0986066452304395,-1.065500080269706,-1.1741829468687237,-1.1396877567789647,-1.1752696456086287,-1.1546811397557666,-1.1101156290680756,-1.175118757221723,-1.004137887131171,-0.3043160204828089,-2.197299926968298,-5.5758428085384395,0.07214217875292017,-1.0282473284573599,-0.4868800125274261,-1.1844922001209541,1
-0.7477237268006427,-0.8985272053645244,-0.5449008025608253,-1.1067344345616263,-1.0553359683794465,-1.0655105973025047,-1.0986066452304395,-1.065500080269706,-1.1741829468687237,-1.1396877567789647,-1.1752696456086287,-1.1546811397557666,-1.1101156290680756,-1.175118757221723,-1.004137887131171,-0.3043160204828089,-2.197299926968298,-5.5758428085384395,0.07214217875292017,-1.0282473284573599,-0.4868800125274261,-1.1844922001209541,1
-0.7127937032810936,-0.8740316604917481,-0.5218717975289877,-1.1067344345616263,-1.0553359683794465,-1.0655105973025047,-1.0986066452304395,-1.065500080269706,-1.1741829468687237,-1.1396877567789647,-1.1752696456086287,-1.1546811397557666,-1.1101156290680756,-1.175118757221723,-1.004137887131171,-0.14175404372917166,-2.197299926968298,-5.5758428085384395,0.433743515810024,-1.0282473284573599,-0.4868800125274261,-1.1844922001209541,1
-0.7127937032810936,-0.8862794329281362,-0.6024733151404194,-1.1067344345616263,-1.0553359683794465,-1.0655105973025047,-1.0986066452304395,-1.065500080269706,-1.1741829468687237,-1.1396877567789647,-1.1752696456086287,-1.1546811397557666,-1.1101156290680756,-1.175118757221723,-1.004137887131171,-0.38559700885962767,-2.197299926968298,-5.5758428085384395,0.433743515810024,-1.0282473284573599,-0.4868800125274261,-1.1844922001209541,1
-0.7244370444542766,-0.9026097961766537,-0.5564153050767442,-1.1067344345616263,-1.0553359683794465,-1.0655105973025047,-1.0986066452304395,-1.065500080269706,-1.1741829468687237,-1.1396877567789647,-1.1752696456086287,-1.1546811397557666,-1.1101156290680756,-1.175118757221723,-1.004137887131171,-0.3043160204828089,-2.197299926968298,-5.5758428085384395,0.07214217875292017,-1.0282473284573599,-0.4868800125274261,-1.1844922001209541,1
-0.6778636797615444,-0.8821968421160068,-0.49884279249715013,-1.1067344345616263,-1.0553359683794465,-1.0655105973025047,-1.0986066452304395,-1.065500080269706,-1.1741829468687237,-1.1396877567789647,-1.1752696456086287,-1.1546811397557666,-1.1101156290680756,-1.175118757221723,-1.004137887131171,-0.2230350321059903,-2.197299926968298,-5.5758428085384395,0.07214217875292017,-1.0282473284573599,-0.4868800125274261,-1.1844922001209541,1
-0.04912325640965942,-0.32288190085428203,-0.8442778679747142,-1.1067344345616263,-1.0553359683794465,-1.0655105973025047,-1.0986066452304395,-1.065500080269706,-1.1741829468687237,-1.1396877567789647,-1.1752696456086287,-1.1546811397557666,-1.1101156290680756,-1.175118757221723,-1.004137887131171,-0.2230350321059903,-2.197299926968298,-5.5758428085384395,0.433743515810024,-1.0282473284573599,-0.4868800125274261,-1.1844922001209541,1
0.3933237081712968,-0.38412076303622267,-0.7061038377836886,-1.1067344345616263,-1.0553359683794465,-1.0655105973025047,-1.0986066452304395,-1.065500080269706,-1.1741829468687237,-1.1396877567789647,-1.1752696456086287,-1.1546811397557666,-1.1101156290680756,-1.175118757221723,-1.004137887131171,-0.4668779972364463,-2.197299926968298,-5.5758428085384395,0.07214217875292017,-1.0282473284573599,-0.4868800125274261,-1.1844922001209541,1
0.27689029643946617,-0.5229288506486216,-0.04977719437631689,-1.1067344345616263,-1.0553359683794465,-1.0655105973025047,-1.0986066452304395,-1.065500080269706,-1.1741829468687237,-1.1396877567789647,-1.1752696456086287,-1.1546811397557666,-1.1101156290680756,-1.175118757221723,-1.004137887131171,-0.2230350321059903,-2.197299926968298,-5.5758428085384395,0.07214217875292017,-1.0282473284573599,-0.4868800125274261,-1.1844922001209541,1
0.3234636611321984,-0.47393776090306905,-0.7636763503632825,-1.1067344345616263,-1.0553359683794465,-1.0655105973025047,-1.0986066452304395,-1.065500080269706,-1.1741829468687237,-1.1396877567789647,-1.1752696456086287,-1.1546811397557666,-1.1101156290680756,-1.175118757221723,-1.004137887131171,-0.2230350321059903,-2.197299926968298,-5.5758428085384395,0.07214217875292017,-1.0282473284573599,-0.4868800125274261,-1.1844922001209541,1
0.3234636611321984,-0.4331118527817752,0.13445484587838386,-1.1067344345616263,-1.0553359683794465,-1.0655105973025047,-1.0986066452304395,-1.065500080269706,-1.1741829468687237,-1.1396877567789647,-1.1752696456086287,-1.1546811397557666,-1.1101156290680756,-1.175118757221723,-1.004137887131171,-0.06047305535235292,-2.197299926968298,-5.5758428085384395,-0.2894591583041837,-1.0282473284573599,-0.4868800125274261,-1.1844922001209541,1
0.5679738257690425,-0.34329485491492895,-0.7521618478473637,-1.1067344345616263,-1.0553359683794465,-1.0655105973025047,-1.0986066452304395,-1.065500080269706,-1.1741829468687237,-1.1396877567789647,-1.1752696456086287,-1.1546811397557666,-1.1101156290680756,-1.175118757221723,-1.004137887131171,-0.06047305535235292,-2.197299926968298,-5.5758428085384395,0.07214217875292017,-1.0282473284573599,-0.4868800125274261,-1.1844922001209541,1
-0.06076659758284242,-0.6372413933882441,-0.015233686828560522,-1.1067344345616263,-1.0553359683794465,-1.0655105973025047,-1.0986066452304395,-1.065500080269706,-1.1741829468687237,-1.1396877567789647,-1.1752696456086287,-1.1546811397557666,-1.1101156290680756,-1.175118757221723,-1.004137887131171,-0.7107209623669024,-2.197299926968298,-5.5758428085384395,0.7953448528671281,-1.0282473284573599,0.40285194682250003,-1.1844922001209541,1
0.10224017884172021,-0.5351766230850097,0.0999113383306276,-1.1067344345616263,-1.0553359683794465,-1.0655105973025047,-1.0986066452304395,-1.065500080269706,-1.1741829468687237,-1.1396877567789647,-1.1752696456086287,-1.1546811397557666,-1.1101156290680756,-1.175118757221723,-1.004137887131171,-0.548158985613265,-2.197299926968298,-5.5758428085384395,0.433743515810024,-1.0282473284573599,0.40285194682250003,-1.1844922001209541,1
0.16045688470763553,-0.5351766230850097,0.14596934839430276,-1.1067344345616263,-1.0553359683794465,-1.0655105973025047,-1.0986066452304395,-1.065500080269706,-1.1741829468687237,-1.1396877567789647,-1.1752696456086287,-1.1546811397557666,-1.1101156290680756,-1.175118757221723,-1.004137887131171,-0.7107209623669024,-2.197299926968298,-5.5758428085384395,0.7953448528671281,-1.0282473284573599,0.40285194682250003,-1.1844922001209541,1
0.3234636611321984,0.889647570348143,0.28414337858532823,-1.1067344345616263,-1.0553359683794465,-1.0655105973025047,-1.0986066452304395,-1.065500080269706,-1.1741829468687237,-1.1396877567789647,-1.1752696456086287,-1.1546811397557666,-1.1101156290680756,-1.175118757221723,-1.004137887131171,-0.548158985613265,-2.197299926968298,-5.5758428085384395,0.433743515810024,-1.0282473284573599,-0.4868800125274261,-1.1844922001209541,1
0.13717020236126953,-0.5555895771456566,-0.0382626918603981,-1.1067344345616263,-1.0553359683794465,-1.0655105973025047,-1.0986066452304395,-1.065500080269706,-1.1741829468687237,-1.1396877567789647,-1.1752696456086287,-1.1546811397557666,-1.1101156290680756,-1.175118757221723,-1.004137887131171,-0.7107209623669024,-2.197299926968298,-5.5758428085384395,0.433743515810024,-1.0282473284573599,-0.4868800125274261,-1.1844922001209541,1
0.20703024940036774,-0.5025158965879747,0.18051285594205901,-1.1067344345616263,-1.0553359683794465,-1.0655105973025047,-1.0986066452304395,-1.065500080269706,-1.1741829468687237,0.5036976170912077,-1.1752696456086287,-1.1546811397557666,-1.1101156290680756,-1.175118757221723,-1.004137887131171,-1.0358449158741772,-2.197299926968298,-5.5758428085384395,1.156946189924232,-1.0282473284573599,0.40285194682250003,-1.1844922001209541,1
0.27689029643946617,-0.4657725792788102,0.24959987103757197,-1.1067344345616263,-1.0553359683794465,-1.0655105973025047,-1.0986066452304395,-1.065500080269706,-1.1741829468687237,0.5036976170912077,-1.1752696456086287,-1.1546811397557666,-1.1101156290680756,-1.175118757221723,-1.004137887131171,-0.9545639274973584,-2.197299926968298,-5.5758428085384395,1.156946189924232,-1.0282473284573599,0.40285194682250003,-1.1844922001209541,1
-0.6196469738956292,-0.8495361156189718,-0.6255023201722569,-1.1067344345616263,-1.0553359683794465,-1.0655105973025047,-1.0986066452304395,-1.065500080269706,-1.1741829468687237,-1.1396877567789647,-1.1752696456086287,-1.1546811397557666,-1.1101156290680756,-1.175118757221723,-1.004137887131171,0.020807933024465708,-2.197299926968298,-5.5758428085384395,0.433743515810024,-1.0282473284573599,-0.4868800125274261,-1.1844922001209541,1
-0.6429336562419952,-0.894444614552395,-0.7406473453314449,-1.1067344345616263,-1.0553359683794465,-1.0655105973025047,-1.0986066452304395,-1.065500080269706,-1.1741829468687237,-1.1396877567789647,-1.1752696456086287,-1.1546811397557666,-1.1101156290680756,-1.175118757221723,-1.004137887131171,0.020807933024465708,-2.197299926968298,-5.5758428085384395,0.433743515810024,-1.0282473284573599,-0.4868800125274261,-1.1844922001209541,1
-0.6662203385883614,-0.8985272053645244,-0.6600458277200133,-1.1067344345616263,-1.0553359683794465,-1.0655105973025047,-1.0986066452304395,-1.065500080269706,-1.1741829468687237,-1.1396877567789647,-1.1752696456086287,-1.1546811397557666,-1.1101156290680756,-1.175118757221723,-1.004137887131171,0.10208892140128434,-2.197299926968298,-5.5758428085384395,0.7953448528671281,-1.0282473284573599,-0.4868800125274261,-1.1844922001209541,1
-0.6080036327224461,-0.8372883431825837,-0.6715603302359321,-1.1067344345616263,-1.0553359683794465,-1.0655105973025047,-1.0986066452304395,-1.065500080269706,-1.1741829468687237,-1.1396877567789647,-1.1752696456086287,-1.1546811397557666,-1.1101156290680756,-1.175118757221723,-1.004137887131171,0.10208892140128434,-2.197299926968298,-5.5758428085384395,0.07214217875292017,-1.0282473284573599,-0.4868800125274261,-1.1844922001209541,1
-0.6662203385883614,-0.8699490696796186,-0.6024733151404194,-1.1067344345616263,-1.0553359683794465,-1.0655105973025047,-1.0986066452304395,-1.065500080269706,-1.1741829468687237,-1.1396877567789647,-1.1752696456086287,-1.1546811397557666,-1.1101156290680756,-1.175118757221723,-1.004137887131171,-0.14175404372917166,-2.197299926968298,-5.5758428085384395,0.7953448528671281,-1.0282473284573599,-0.4868800125274261,-1.1844922001209541,1
-0.5614302680297139,-0.7882972534370312,-0.6370168226881757,-1.1067344345616263,-1.0553359683794465,-1.0655105973025047,-1.0986066452304395,-1.065500080269706,-1.1741829468687237,-1.1396877567789647,-1.1752696456086287,-1.1546811397557666,-1.1101156290680756,-1.175118757221723,-1.004137887131171,0.020807933024465708,-2.197299926968298,-5.5758428085384395,0.07214217875292017,-1.0282473284573599,-0.4868800125274261,-1.1844922001209541,1
-0.5497869268565307,-0.8536187064311012,-0.46429928494939376,-1.1067344345616263,-1.0553359683794465,-1.0655105973025047,-1.0986066452304395,-1.065500080269706,-1.1741829468687237,-1.1396877567789647,-1.1752696456086287,-1.1546811397557666,-1.1101156290680756,-1.175118757221723,-1.004137887131171,-0.14175404372917166,-2.197299926968298,-5.5758428085384395,0.07214217875292017,-1.0282473284573599,-0.4868800125274261,-1.1844922001209541,1
-0.7011503621079105,-0.9107749778009124,-0.8673068730065517,-1.1067344345616263,-1.0553359683794465,-1.0655105973025047,-1.0986066452304395,-1.065500080269706,-1.1741829468687237,-1.1396877567789647,-1.1752696456086287,-1.1546811397557666,-1.1101156290680756,-1.175118757221723,-1.004137887131171,-0.06047305535235292,-2.197299926968298,-5.5758428085384395,0.07214217875292017,-1.0282473284573599,-0.4868800125274261,-1.1844922001209541,1
-0.6895070209347274,-0.8658664788674892,-0.5218717975289877,-1.1067344345616263,-1.0553359683794465,-1.0655105973025047,-1.0986066452304395,-1.065500080269706,-1.1741829468687237,-1.1396877567789647,-1.1752696456086287,-1.1546811397557666,-1.1101156290680756,-1.175118757221723,-1.004137887131171,-0.14175404372917166,-2.197299926968298,-5.5758428085384395,0.07214217875292017,-1.0282473284573599,-0.4868800125274261,-1.1844922001209541,1
-0.7011503621079105,-0.9026097961766537,-0.7061038377836886,-1.1067344345616263,-1.0553359683794465,-1.0655105973025047,-1.0986066452304395,-1.065500080269706,-1.1741829468687237,-1.1396877567789647,-1.1752696456086287,-1.1546811397557666,-1.1101156290680756,-1.175118757221723,-1.004137887131171,-0.2230350321059903,-2.197299926968298,-5.5758428085384395,0.07214217875292017,-1.0282473284573599,-0.4868800125274261,-1.1844922001209541,1
-0.7244370444542766,-0.8821968421160068,-0.6370168226881757,-1.1067344345616263,-1.0553359683794465,-1.0655105973025047,-1.0986066452304395,-1.065500080269706,-1.1741829468687237,-1.1396877567789647,-1.1752696456086287,-1.1546811397557666,-1.1101156290680756,-1.175118757221723,-1.004137887131171,0.020807933024465708,-2.197299926968298,-5.5758428085384395,0.07214217875292017,-1.0282473284573599,-1.3766119718773522,-1.1844922001209541,1
-0.8408704561861071,-0.8372883431825837,-0.7751908528792013,-1.1067344345616263,-1.0553359683794465,-1.0655105973025047,-1.0986066452304395,-1.065500080269706,-1.1741829468687237,-1.1396877567789647,-1.1752696456086287,-1.1546811397557666,-1.1101156290680756,-1.175118757221723,-1.004137887131171,-0.2230350321059903,-2.197299926968298,-5.5758428085384395,1.156946189924232,-1.0282473284573599,-0.4868800125274261,-1.1844922001209541,1
0.7193372610204223,-0.42086408034538714,-0.5794443101085818,-1.1067344345616263,-1.0553359683794465,-1.0655105973025047,-1.0986066452304395,-1.065500080269706,-1.1741829468687237,-1.1396877567789647,-1.1752696456086287,-1.1546811397557666,-1.1101156290680756,-1.175118757221723,-1.004137887131171,0.2646508981549218,-2.197299926968298,-5.5758428085384395,-0.2894591583041837,-1.0282473284573599,-0.4868800125274261,-1.1844922001209541,0
0.7309806021936054,-0.4249466711575165,0.882897509413106,-1.1067344345616263,-1.0553359683794465,-1.0655105973025047,-1.0986066452304395,-1.065500080269706,-1.1741829468687237,-1.1396877567789647,-1.1752696456086287,-1.1546811397557666,-1.1101156290680756,-1.175118757221723,-1.004137887131171,0.2646508981549218,-2.197299926968298,-5.5758428085384395,-0.6510604953612875,-1.0282473284573599,-1.3766119718773522,-1.1844922001209541,0
0.9987774491768155,-0.3392122641027996,0.9750135295404563,-1.1067344345616263,-1.0553359683794465,-1.0655105973025047,-1.0986066452304395,-1.065500080269706,-1.1741829468687237,-1.1396877567789647,-1.1752696456086287,-1.1546811397557666,-1.1101156290680756,-1.175118757221723,-1.004137887131171,0.020807933024465708,-2.197299926968298,-5.5758428085384395,-0.6510604953612875,-1.0282473284573599,-1.3766119718773522,-1.1844922001209541,0
0.26524695526628306,-0.5310940322728803,-0.7176183402996072,-1.1067344345616263,-1.0553359683794465,-1.0655105973025047,-1.0986066452304395,-1.065500080269706,-1.1741829468687237,-1.1396877567789647,-1.1752696456086287,-1.1546811397557666,-1.1101156290680756,-1.175118757221723,-1.004137887131171,-0.14175404372917166,-2.197299926968298,-5.5758428085384395,0.07214217875292017,-1.0282473284573599,-0.4868800125274261,-1.1844922001209541,0
0.7659106257131545,-0.41678148953325767,0.7677524842539178,-1.1067344345616263,-1.0553359683794465,-1.0655105973025047,-1.0986066452304395,-1.065500080269706,-1.1741829468687237,-1.1396877567789647,-1.1752696456086287,-1.1546811397557666,-1.1101156290680756,-1.175118757221723,-1.004137887131171,0.020807933024465708,-2.197299926968298,-5.5758428085384395,-0.6510604953612875,-1.0282473284573599,-0.4868800125274261,-1.1844922001209541,0
0.8124839904058867,-0.3065515376057645,0.9980425345722939,-1.1067344345616263,-1.0553359683794465,-1.0655105973025047,-1.0986066452304395,-1.065500080269706,-1.1741829468687237,-1.1396877567789647,-1.1752696456086287,-1.1546811397557666,-1.1101156290680756,-1.175118757221723,-1.004137887131171,0.020807933024465708,-2.197299926968298,-5.5758428085384395,-0.6510604953612875,-1.0282473284573599,-0.4868800125274261,-1.1844922001209541,0
-0.7244370444542766,-0.8740316604917481,-0.5449008025608253,-1.1067344345616263,-1.0553359683794465,-1.0655105973025047,-1.0986066452304395,-1.065500080269706,-1.1741829468687237,-1.1396877567789647,-1.1752696456086287,-1.1546811397557666,-1.1101156290680756,-1.175118757221723,-1.004137887131171,0.4272128749085591,-2.197299926968298,-5.5758428085384395,-0.2894591583041837,-1.0282473284573599,-0.4868800125274261,-1.1844922001209541,0
-0.7477237268006427,-0.9556834767343356,-0.6024733151404194,-1.1067344345616263,-1.0553359683794465,-1.0655105973025047,-1.0986066452304395,-1.065500080269706,-1.1741829468687237,-1.1396877567789647,-1.1752696456086287,-1.1546811397557666,-1.1101156290680756,-1.175118757221723,-1.004137887131171,0.4272128749085591,-2.197299926968298,-5.5758428085384395,-0.2894591583041837,-1.0282473284573599,-1.3766119718773522,-1.1844922001209541,0
-0.7127937032810936,-0.9434357042979474,-0.6485313252040945,-1.1067344345616263,-1.0553359683794465,-1.0655105973025047,-1.0986066452304395,-1.065500080269706,-1.1741829468687237,-1.1396877567789647,-1.1752696456086287,-1.1546811397557666,-1.1101156290680756,-1.175118757221723,-1.004137887131171,0.4272128749085591,-2.197299926968298,-5.5758428085384395,0.07214217875292017,-1.0282473284573599,-1.3766119718773522,-1.1844922001209541,0
-0.6662203385883614,-0.8291231615583249,-0.6139878176563381,-1.1067344345616263,-1.0553359683794465,-1.0655105973025047,-1.0986066452304395,-1.065500080269706,-1.1741829468687237,-1.1396877567789647,-1.1752696456086287,-1.1546811397557666,-1.1101156290680756,-1.175118757221723,-1.004137887131171,0.34593188653174023,-2.197299926968298,-5.5758428085384395,-0.2894591583041837,-1.0282473284573599,-1.3766119718773522,-1.1844922001209541,0
-0.6895070209347274,-0.9148575686130418,-0.5103572950130689,-1.1067344345616263,-1.0553359683794465,-1.0655105973025047,-1.0986066452304395,-1.065500080269706,-1.1741829468687237,-1.1396877567789647,-1.1752696456086287,-1.1546811397557666,-1.1101156290680756,-1.175118757221723,-1.004137887131171,0.4272128749085591,-2.197299926968298,-5.5758428085384395,0.07214217875292017,-1.0282473284573599,-1.3766119718773522,-1.1844922001209541,0
-0.6778636797615444,-0.8903620237402655,-0.5103572950130689,-1.1067344345616263,-1.0553359683794465,-1.0655105973025047,-1.0986066452304395,-1.065500080269706,-1.1741829468687237,-1.1396877567789647,-1.1752696456086287,-1.1546811397557666,-1.1101156290680756,-1.175118757221723,-1.004137887131171,0.4272128749085591,-2.197299926968298,-5.5758428085384395,-0.2894591583041837,-1.0282473284573599,-0.4868800125274261,-1.1844922001209541,0
-0.2703467387001375,-0.6413239842003735,-0.2685527421787741,-1.1067344345616263,-1.0553359683794465,-1.0655105973025047,-1.0986066452304395,-1.065500080269706,-1.1741829468687237,-1.1396877567789647,-1.1752696456086287,-1.1546811397557666,-1.1101156290680756,-1.175118757221723,-1.004137887131171,0.2646508981549218,-2.197299926968298,-5.5758428085384395,-0.2894591583041837,-1.0282473284573599,-0.4868800125274261,-1.1844922001209541,1
-0.3052767622196866,-0.7719668901885136,-0.1649222195355049,-1.1067344345616263,-1.0553359683794465,-1.0655105973025047,-1.0986066452304395,-1.065500080269706,-1.1741829468687237,-1.1396877567789647,-1.1752696456086287,-1.1546811397557666,-1.1101156290680756,-1.175118757221723,-1.004137887131171,0.2646508981549218,-2.197299926968298,-5.5758428085384395,-0.2894591583041837,-1.0282473284573599,-0.4868800125274261,-1.1844922001209541,1
-0.3052767622196866,-0.7842146626249018,-0.19946572708326127,-1.1067344345616263,-1.0553359683794465,-1.0655105973025047,-1.0986066452304395,-1.065500080269706,-1.1741829468687237,-1.1396877567789647,-1.1752696456086287,-1.1546811397557666,-1.1101156290680756,-1.175118757221723,-1.004137887131171,0.1833699097781032,-2.197299926968298,-5.5758428085384395,0.07214217875292017,-1.0282473284573599,-0.4868800125274261,-1.1844922001209541,1
-0.2819900798733205,-0.7515539361278667,-0.09583520443999205,-1.1067344345616263,-1.0553359683794465,-1.0655105973025047,-1.0986066452304395,-1.065500080269706,-1.1741829468687237,-1.1396877567789647,-1.1752696456086287,-1.1546811397557666,-1.1101156290680756,-1.175118757221723,-1.004137887131171,0.1833699097781032,-2.197299926968298,-5.5758428085384395,-0.2894591583041837,-1.0282473284573599,-0.4868800125274261,-1.1844922001209541,1
-0.3052767622196866,-0.7597191177521254,-0.13037871198774853,-1.1067344345616263,-1.0553359683794465,-1.0655105973025047,-1.0986066452304395,-1.065500080269706,-1.1741829468687237,-1.1396877567789647,-1.1752696456086287,-1.1546811397557666,-1.1101156290680756,-1.175118757221723,-1.004137887131171,0.10208892140128434,-2.197299926968298,-5.5758428085384395,0.07214217875292017,-1.0282473284573599,-0.4868800125274261,-1.1844922001209541,1
-0.2936334210465036,-0.7515539361278667,-0.09583520443999205,-1.1067344345616263,-1.0553359683794465,-1.0655105973025047,-1.0986066452304395,-1.065500080269706,-1.1741829468687237,-1.1396877567789647,-1.1752696456086287,-1.1546811397557666,-1.1101156290680756,-1.175118757221723,-1.004137887131171,0.1833699097781032,-2.197299926968298,-5.5758428085384395,-0.2894591583041837,-1.0282473284573599,-0.4868800125274261,-1.1844922001209541,1
-0.6662203385883614,-0.9148575686130418,-0.5333863000449065,-1.1067344345616263,-1.0553359683794465,-1.0655105973025047,-1.0986066452304395,-1.065500080269706,-1.1741829468687237,-1.1396877567789647,-1.1752696456086287,-1.1546811397557666,-1.1101156290680756,-1.175118757221723,-1.004137887131171,0.1833699097781032,-2.197299926968298,-5.5758428085384395,0.07214217875292017,-1.0282473284573599,-0.4868800125274261,-1.1844922001209541,0
-0.6778636797615444,-0.5310940322728803,-0.6139878176563381,-1.1067344345616263,-1.0553359683794465,-1.0655105973025047,-1.0986066452304395,-1.065500080269706,-1.1741829468687237,-1.1396877567789647,-1.1752696456086287,-1.1546811397557666,-1.1101156290680756,-1.175118757221723,-1.004137887131171,0.10208892140128434,-2.197299926968298,-5.5758428085384395,0.07214217875292017,-1.0282473284573599,-0.4868800125274261,-1.1844922001209541,0
-0.6778636797615444,-0.6943976647580554,-0.6485313252040945,-1.1067344345616263,-1.0553359683794465,-1.0655105973025047,-1.0986066452304395,-1.065500080269706,-1.1741829468687237,-1.1396877567789647,-1.1752696456086287,-1.1546811397557666,-1.1101156290680756,-1.175118757221723,-1.004137887131171,0.2646508981549218,-2.197299926968298,-5.5758428085384395,0.07214217875292017,-1.0282473284573599,-0.4868800125274261,-1.1844922001209541,0
-0.6778636797615444,0.9998775222756362,-0.7636763503632825,-1.1067344345616263,-1.0553359683794465,-1.0655105973025047,-1.0986066452304395,-1.065500080269706,-1.1741829468687237,-1.1396877567789647,-1.1752696456086287,-1.1546811397557666,-1.1101156290680756,-1.175118757221723,-1.004137887131171,0.1833699097781032,-2.197299926968298,-5.5758428085384395,-0.2894591583041837,-1.0282473284573599,-0.4868800125274261,-1.1844922001209541,0
-0.6778636797615444,0.954969023342213,-0.6715603302359321,-1.1067344345616263,-1.0553359683794465,-1.0655105973025047,-1.0986066452304395,-1.065500080269706,-1.1741829468687237,-1.1396877567789647,-1.1752696456086287,-1.1546811397557666,-1.1101156290680756,-1.175118757221723,-1.004137887131171,0.34593188653174023,-2.197299926968298,-5.5758428085384395,-0.2894591583041837,-1.0282473284573599,-0.4868800125274261,-1.1844922001209541,0
-0.7011503621079105,-0.9311879318615593,-0.7636763503632825,-1.1067344345616263,-1.0553359683794465,-1.0655105973025047,-1.0986066452304395,-1.065500080269706,-1.1741829468687237,-1.1396877567789647,-1.1752696456086287,-1.1546811397557666,-1.1101156290680756,-1.175118757221723,-1.004137887131171,0.2646508981549218,-2.197299926968298,-5.5758428085384395,-0.2894591583041837,-1.0282473284573599,-1.3766119718773522,-1.1844922001209541,0
0.31182031995901527,-0.3473774457270583,-0.855792370490633,-1.1067344345616263,-1.0553359683794465,-1.0655105973025047,-1.0986066452304395,-1.065500080269706,-1.1741829468687237,-1.1396877567789647,-1.1752696456086287,-1.1546811397557666,-1.1101156290680756,-1.175118757221723,-1.004137887131171,-0.14175404372917166,-2.197299926968298,-5.5758428085384395,-0.2894591583041837,-1.0282473284573599,-0.4868800125274261,-1.1844922001209541,0
-0.0025498917169272106,-0.4780203517151984,-0.6715603302359321,-1.1067344345616263,-1.0553359683794465,-1.0655105973025047,-1.0986066452304395,-1.065500080269706,-1.1741829468687237,-1.1396877567789647,-1.1752696456086287,-1.1546811397557666,-1.1101156290680756,-1.175118757221723,-1.004137887131171,-0.14175404372917166,-2.197299926968298,-5.5758428085384395,-0.2894591583041837,-1.0282473284573599,-0.4868800125274261,-1.1844922001209541,0
0.4049670493444797,-0.38412076303622267,-0.7291328428155261,-1.1067344345616263,-1.0553359683794465,-1.0655105973025047,-1.0986066452304395,-1.065500080269706,-1.1741829468687237,-1.1396877567789647,-1.1752696456086287,-1.1546811397557666,-1.1101156290680756,-1.175118757221723,-1.004137887131171,-0.14175404372917166,-2.197299926968298,-5.5758428085384395,-0.2894591583041837,-1.0282473284573599,-0.4868800125274261,-1.1844922001209541,0
-0.0025498917169272106,-0.4371944435939046,-0.9018503805543081,-1.1067344345616263,-1.0553359683794465,-1.0655105973025047,-1.0986066452304395,-1.065500080269706,-1.1741829468687237,-1.1396877567789647,-1.1752696456086287,-1.1546811397557666,-1.1101156290680756,-1.175118757221723,-1.004137887131171,-0.3043160204828089,-2.197299926968298,-5.5758428085384395,-0.2894591583041837,-1.0282473284573599,-0.4868800125274261,-1.1844922001209541,0
0.27689029643946617,0.19968972309827837,-0.9018503805543081,-1.1067344345616263,-1.0553359683794465,-1.0655105973025047,-1.0986066452304395,-1.065500080269706,-1.1741829468687237,-1.1396877567789647,-1.1752696456086287,-1.1546811397557666,-1.1101156290680756,-1.175118757221723,-1.004137887131171,-0.14175404372917166,-2.197299926968298,-5.5758428085384395,-0.2894591583041837,-1.0282473284573599,-0.4868800125274261,-1.1844922001209541,0
0.463183755210395,-0.35554262735131703,-0.8673068730065517,-1.1067344345616263,-1.0553359683794465,-1.0655105973025047,-1.0986066452304395,-1.065500080269706,-1.1741829468687237,-1.1396877567789647,-1.1752696456086287,-1.1546811397557666,-1.1101156290680756,-1.175118757221723,-1.004137887131171,0.020807933024465708,-2.197299926968298,-5.5758428085384395,0.07214217875292017,-1.0282473284573599,-0.4868800125274261,-1.1844922001209541,0
